<?xml version="1.0" encoding="UTF-8"?>
 <Countries>
   <Country>
    <Name>Afghanistan</Name>
    <Capital>Kabul</Capital>
    <Currency>Afghani</Currency>
    <StartDate></StartDate>
    <EndDate></EndDate>
    <UTC>+04:30</UTC>
    <Region>Asia</Region>
    <Latitude>34°32'N</Latitude>
    <Longitude>69°08'E</Longitude>
    <DialCode>93</DialCode>
    <Language>Dari Persian
Pashto[1]</Language>
   </Country>
   <Country>
    <Name>Albania</Name>
    <Capital>Tirana</Capital>
    <Currency>Lek</Currency>
    <StartDate>03/25/2012</StartDate>
    <EndDate>10/28/2012</EndDate>
    <UTC>+01:00</UTC>
    <Region>Europe</Region>
    <Latitude>41°20'N</Latitude>
    <Longitude>19°48'E</Longitude>
    <DialCode>355</DialCode>
    <Language>Albanian</Language>
   </Country>
   <Country>
    <Name>Algeria</Name>
    <Capital>Algiers</Capital>
    <Currency>Algerian Dinar</Currency>
    <StartDate></StartDate>
    <EndDate></EndDate>
    <UTC>+01:00</UTC>
    <Region>Africa</Region>
    <Latitude>36°42'N</Latitude>
    <Longitude>03°08'E</Longitude>
    <DialCode>213</DialCode>
    <Language>Arabic</Language>
   </Country>
   <Country>
    <Name>Andorra</Name>
    <Capital>Andorra-la-vella</Capital>
    <Currency>Euro</Currency>
    <StartDate>03/25/2012</StartDate>
    <EndDate>10/28/2012</EndDate>
    <UTC>+01:00</UTC>
    <Region>Europe</Region>
    <Latitude>42°31'N</Latitude>
    <Longitude>01°32'E</Longitude>
    <DialCode>376</DialCode>
    <Language>Catalan</Language>
   </Country>
   <Country>
    <Name>Angola</Name>
    <Capital>Luanda</Capital>
    <Currency>Kwanza</Currency>
    <StartDate></StartDate>
    <EndDate></EndDate>
    <UTC>+01:00</UTC>
    <Region>Africa</Region>
    <Latitude>08°50'S</Latitude>
    <Longitude>13°15'E</Longitude>
    <DialCode>244</DialCode>
    <Language>Portuguese</Language>
   </Country>
   <Country>
    <Name>Antigua and Barbuda</Name>
    <Capital>Saint John's</Capital>
    <Currency>East Caribbean Dollar</Currency>
    <StartDate></StartDate>
    <EndDate></EndDate>
    <UTC>-04:00</UTC>
    <Region>North America</Region>
    <Latitude>17°7'N</Latitude>
    <Longitude>61°51'W</Longitude>
    <DialCode>1-268</DialCode>
    <Language>Antiguan Creole</Language>
   </Country>
   <Country>
    <Name>Argentina</Name>
    <Capital>Buenos Aires</Capital>
    <Currency>Peso</Currency>
    <StartDate></StartDate>
    <EndDate></EndDate>
    <UTC>-03:00</UTC>
    <Region>South America</Region>
    <Latitude>34°36'S</Latitude>
    <Longitude>58°23'W</Longitude>
    <DialCode>54</DialCode>
    <Language>Spanish </Language>
   </Country>
   <Country>
    <Name>Armenia</Name>
    <Capital>Yerevan</Capital>
    <Currency>Dram</Currency>
    <StartDate></StartDate>
    <EndDate></EndDate>
    <UTC>+04:00</UTC>
    <Region>Europe</Region>
    <Latitude>40°10'N</Latitude>
    <Longitude>44°31'E</Longitude>
    <DialCode>374</DialCode>
    <Language>Armenian</Language>
   </Country>
   <Country>
    <Name>Australia</Name>
    <Capital>Canberra</Capital>
    <Currency>Australian Dollar</Currency>
    <StartDate>10/07/2012</StartDate>
    <EndDate>04/01/2012</EndDate>
    <UTC>+11:00</UTC>
    <Region>Oceania</Region>
    <Latitude>35°15'S</Latitude>
    <Longitude>149°08'E</Longitude>
    <DialCode>61</DialCode>
    <Language>English</Language>
   </Country>
   <Country>
    <Name>Austria</Name>
    <Capital>Vienna</Capital>
    <Currency>Euro</Currency>
    <StartDate>03/25/2012</StartDate>
    <EndDate>10/28/2012</EndDate>
    <UTC>+01:00</UTC>
    <Region>Europe</Region>
    <Latitude>48°12'N</Latitude>
    <Longitude>16°22'E</Longitude>
    <DialCode>43</DialCode>
    <Language>German</Language>
   </Country>
   <Country>
    <Name>Bahamas</Name>
    <Capital>Nassau</Capital>
    <Currency>Bahamian Dollar</Currency>
    <StartDate>04/11/2012</StartDate>
    <EndDate>11/04/2012</EndDate>
    <UTC>-05:00</UTC>
    <Region>North America</Region>
    <Latitude>25°05'N</Latitude>
    <Longitude>77°20'W</Longitude>
    <DialCode>1-242</DialCode>
    <Language>English</Language>
   </Country>
   <Country>
    <Name>Bahrain</Name>
    <Capital>Manama</Capital>
    <Currency>Bahraini Dinar</Currency>
    <StartDate></StartDate>
    <EndDate></EndDate>
    <UTC>+03:00</UTC>
    <Region>Asia</Region>
    <Latitude>26°10'N</Latitude>
    <Longitude>50°30'E</Longitude>
    <DialCode>973</DialCode>
    <Language>Arabic</Language>
   </Country>
   <Country>
    <Name>Bangladesh</Name>
    <Capital>Dhaka</Capital>
    <Currency>Taka</Currency>
    <StartDate></StartDate>
    <EndDate></EndDate>
    <UTC>+06:00</UTC>
    <Region>Asia</Region>
    <Latitude>23°43'N</Latitude>
    <Longitude>90°26'E</Longitude>
    <DialCode>880</DialCode>
    <Language>Bengali (Bangla)</Language>
   </Country>
   <Country>
    <Name>Barbados</Name>
    <Capital>Bridgetown</Capital>
    <Currency>Barbadian dollar</Currency>
    <StartDate></StartDate>
    <EndDate></EndDate>
    <UTC>-04:00</UTC>
    <Region>North America</Region>
    <Latitude>13°05'N</Latitude>
    <Longitude>59°30'W</Longitude>
    <DialCode>1-246</DialCode>
    <Language>English</Language>
   </Country>
   <Country>
    <Name>Belarus</Name>
    <Capital>Minsk</Capital>
    <Currency>Belarusian ruble</Currency>
    <StartDate></StartDate>
    <EndDate></EndDate>
    <UTC>+03:00</UTC>
    <Region>Europe</Region>
    <Latitude>53°52'N</Latitude>
    <Longitude>27°30'E</Longitude>
    <DialCode>375</DialCode>
    <Language>Belarusian
Russian[1]</Language>
   </Country>
   <Country>
    <Name>Belgium</Name>
    <Capital>Brussels</Capital>
    <Currency>Euro</Currency>
    <StartDate>03/25/2012</StartDate>
    <EndDate>10/28/2012</EndDate>
    <UTC>+01:00</UTC>
    <Region>Europe</Region>
    <Latitude>50°51'N</Latitude>
    <Longitude>04°21'E</Longitude>
    <DialCode>32</DialCode>
    <Language>Dutch
French
German</Language>
   </Country>
   <Country>
    <Name>Belize</Name>
    <Capital>Belmopan</Capital>
    <Currency>Belize dollar</Currency>
    <StartDate></StartDate>
    <EndDate></EndDate>
    <UTC>-06:00</UTC>
    <Region>North America</Region>
    <Latitude>17°18'N</Latitude>
    <Longitude>88°30'W</Longitude>
    <DialCode>501</DialCode>
    <Language>English</Language>
   </Country>
   <Country>
    <Name>Benin</Name>
    <Capital>Porto Novo</Capital>
    <Currency>West African franc </Currency>
    <StartDate></StartDate>
    <EndDate></EndDate>
    <UTC>+01:00</UTC>
    <Region>Africa</Region>
    <Latitude>06°23'N</Latitude>
    <Longitude>02°42'E</Longitude>
    <DialCode>229</DialCode>
    <Language>French</Language>
   </Country>
   <Country>
    <Name>Bhutan</Name>
    <Capital>Thimpu</Capital>
    <Currency>Ngulturm</Currency>
    <StartDate></StartDate>
    <EndDate></EndDate>
    <UTC>+06:00</UTC>
    <Region>Asia</Region>
    <Latitude>27°31'N</Latitude>
    <Longitude>89°45'E</Longitude>
    <DialCode>975</DialCode>
    <Language>Dzongkha</Language>
   </Country>
   <Country>
    <Name>Bolivia</Name>
    <Capital> Sucre </Capital>
    <Currency>Boliviano</Currency>
    <StartDate></StartDate>
    <EndDate></EndDate>
    <UTC>-04:00</UTC>
    <Region>South America</Region>
    <Latitude>16°20'S</Latitude>
    <Longitude>68°10'W</Longitude>
    <DialCode>591</DialCode>
    <Language>Spanish
Quechua
Aymara</Language>
   </Country>
   <Country>
    <Name>Bosnia-Herzegovina</Name>
    <Capital>Sarajevo</Capital>
    <Currency>Konvertibilna Marka</Currency>
    <StartDate>03/25/2012</StartDate>
    <EndDate>10/28/2012</EndDate>
    <UTC>+01:00</UTC>
    <Region>Europe</Region>
    <Latitude>43°52'N</Latitude>
    <Longitude>18°26'E</Longitude>
    <DialCode>387</DialCode>
    <Language>Bosnian</Language>
   </Country>
   <Country>
    <Name>Botswana</Name>
    <Capital>Gaborone</Capital>
    <Currency>Pula</Currency>
    <StartDate></StartDate>
    <EndDate></EndDate>
    <UTC>+02:00</UTC>
    <Region>Africa</Region>
    <Latitude>24°45'S</Latitude>
    <Longitude>25°57'E</Longitude>
    <DialCode>267</DialCode>
    <Language>English</Language>
   </Country>
   <Country>
    <Name>Brazil</Name>
    <Capital>Brasilia</Capital>
    <Currency>Real</Currency>
    <StartDate>10/21/2012</StartDate>
    <EndDate>02/26/2012</EndDate>
    <UTC>-03:00</UTC>
    <Region>South America</Region>
    <Latitude>15°47'S</Latitude>
    <Longitude>47°55'W</Longitude>
    <DialCode>55</DialCode>
    <Language>Portuguese</Language>
   </Country>
   <Country>
    <Name>Brunei</Name>
    <Capital>Bandar Seri Begawan</Capital>
    <Currency>Brunei Dollar</Currency>
    <StartDate></StartDate>
    <EndDate></EndDate>
    <UTC>+08:00</UTC>
    <Region>Asia</Region>
    <Latitude>04°52'N</Latitude>
    <Longitude>115°00'E</Longitude>
    <DialCode>673</DialCode>
    <Language>Bahasa Melayu</Language>
   </Country>
   <Country>
    <Name>Bulgaria</Name>
    <Capital>Sofia</Capital>
    <Currency>Lev</Currency>
    <StartDate>03/25/2012</StartDate>
    <EndDate>10/28/2012</EndDate>
    <UTC>+02:00</UTC>
    <Region>Europe</Region>
    <Latitude>42°45'N</Latitude>
    <Longitude>23°20'E</Longitude>
    <DialCode>359</DialCode>
    <Language>Bulgarian</Language>
   </Country>
   <Country>
    <Name>Burkina Faso</Name>
    <Capital>Ouagadougou</Capital>
    <Currency>West African franc</Currency>
    <StartDate></StartDate>
    <EndDate></EndDate>
    <UTC>+00:00</UTC>
    <Region>Africa</Region>
    <Latitude>12°15'N</Latitude>
    <Longitude>01°30'W</Longitude>
    <DialCode>226</DialCode>
    <Language>French</Language>
   </Country>
   <Country>
    <Name>Burundi</Name>
    <Capital>Bujumbura</Capital>
    <Currency>Burundi Franc</Currency>
    <StartDate></StartDate>
    <EndDate></EndDate>
    <UTC>+02:00</UTC>
    <Region>Africa</Region>
    <Latitude>03°16'S</Latitude>
    <Longitude>29°18'E</Longitude>
    <DialCode>257</DialCode>
    <Language>Kirundi</Language>
   </Country>
   <Country>
    <Name>Cambodia</Name>
    <Capital>Phnom Panh</Capital>
    <Currency>Rile</Currency>
    <StartDate></StartDate>
    <EndDate></EndDate>
    <UTC>+07:00</UTC>
    <Region>Asia</Region>
    <Latitude>11°33'N</Latitude>
    <Longitude>104°55'E</Longitude>
    <DialCode>855</DialCode>
    <Language>Khmer</Language>
   </Country>
   <Country>
    <Name>Cameroon</Name>
    <Capital>Yaoundi</Capital>
    <Currency>Central African franc</Currency>
    <StartDate></StartDate>
    <EndDate></EndDate>
    <UTC>+01:00</UTC>
    <Region>Africa</Region>
    <Latitude>03°50'N</Latitude>
    <Longitude>11°35'E</Longitude>
    <DialCode>237</DialCode>
    <Language>French</Language>
   </Country>
   <Country>
    <Name>Canada</Name>
    <Capital>Ottawa</Capital>
    <Currency>Canadian Dollar</Currency>
    <StartDate>03/11/2012</StartDate>
    <EndDate>11/04/2012</EndDate>
    <UTC>-05:00</UTC>
    <Region>North America</Region>
    <Latitude>45°27'N</Latitude>
    <Longitude>75°42'W</Longitude>
    <DialCode>1</DialCode>
    <Language>English</Language>
   </Country>
   <Country>
    <Name>Cape Verde</Name>
    <Capital>Praia</Capital>
    <Currency>Cape Verde Escudo</Currency>
    <StartDate></StartDate>
    <EndDate></EndDate>
    <UTC>-01:00</UTC>
    <Region>Africa</Region>
    <Latitude>15°02'N</Latitude>
    <Longitude>23°34'W</Longitude>
    <DialCode>238</DialCode>
    <Language>Portuguese</Language>
   </Country>
   <Country>
    <Name>Central African Republic</Name>
    <Capital>Bangui</Capital>
    <Currency>Central African franc</Currency>
    <StartDate></StartDate>
    <EndDate></EndDate>
    <UTC>+01:00</UTC>
    <Region>Africa</Region>
    <Latitude>04°23'N</Latitude>
    <Longitude>18°35'E</Longitude>
    <DialCode>236</DialCode>
    <Language>French</Language>
   </Country>
   <Country>
    <Name>Chad</Name>
    <Capital>N'Djamena</Capital>
    <Currency>Central African franc</Currency>
    <StartDate></StartDate>
    <EndDate></EndDate>
    <UTC>+01:00</UTC>
    <Region>Africa</Region>
    <Latitude>12°10'N</Latitude>
    <Longitude>14°59'E</Longitude>
    <DialCode>235</DialCode>
    <Language>French</Language>
   </Country>
   <Country>
    <Name>Chile</Name>
    <Capital>Santiago</Capital>
    <Currency>Peso</Currency>
    <StartDate>09/02/2012</StartDate>
    <EndDate>04/29/2012</EndDate>
    <UTC>-04:00</UTC>
    <Region>South America</Region>
    <Latitude>33°24'S</Latitude>
    <Longitude>70°40'W</Longitude>
    <DialCode>56</DialCode>
    <Language>Spanish</Language>
   </Country>
   <Country>
    <Name>China</Name>
    <Capital>Beijing</Capital>
    <Currency>Renminbi (yuan) </Currency>
    <StartDate></StartDate>
    <EndDate></EndDate>
    <UTC>+08:00</UTC>
    <Region>Asia</Region>
    <Latitude>39°55'N</Latitude>
    <Longitude>116°20'E</Longitude>
    <DialCode>86</DialCode>
    <Language>Mandarin</Language>
   </Country>
   <Country>
    <Name>Colombia</Name>
    <Capital>Bogot°</Capital>
    <Currency>Peso</Currency>
    <StartDate></StartDate>
    <EndDate></EndDate>
    <UTC>-05:00</UTC>
    <Region>South America</Region>
    <Latitude>04°34'N</Latitude>
    <Longitude>74°00'W</Longitude>
    <DialCode>57</DialCode>
    <Language>Spanish</Language>
   </Country>
   <Country>
    <Name>Comoros</Name>
    <Capital>Moroni</Capital>
    <Currency>Comorian Franc</Currency>
    <StartDate></StartDate>
    <EndDate></EndDate>
    <UTC>+03:00</UTC>
    <Region>Africa</Region>
    <Latitude>11°40'S</Latitude>
    <Longitude>43°16'E</Longitude>
    <DialCode>269</DialCode>
    <Language>Comorian</Language>
   </Country>
   <Country>
    <Name>Congo</Name>
    <Capital>Kinshasa</Capital>
    <Currency>Congolese franc </Currency>
    <StartDate></StartDate>
    <EndDate></EndDate>
    <UTC>+01:00</UTC>
    <Region>Africa</Region>
    <Latitude>04°09'S</Latitude>
    <Longitude>15°12'E</Longitude>
    <DialCode>243</DialCode>
    <Language>French</Language>
   </Country>
   <Country>
    <Name>Costa Rica</Name>
    <Capital>San Jose</Capital>
    <Currency>Costa Rican colon</Currency>
    <StartDate></StartDate>
    <EndDate></EndDate>
    <UTC>-06:00</UTC>
    <Region>North America</Region>
    <Latitude>09°55'N</Latitude>
    <Longitude>84°02'W</Longitude>
    <DialCode>506</DialCode>
    <Language>Spanish</Language>
   </Country>
   <Country>
    <Name>Croatia</Name>
    <Capital>Zagreb</Capital>
    <Currency>Kuna </Currency>
    <StartDate>03/25/2012</StartDate>
    <EndDate>10/28/2012</EndDate>
    <UTC>+01:00</UTC>
    <Region>Europe</Region>
    <Latitude>45°50'N</Latitude>
    <Longitude>15°58'E</Longitude>
    <DialCode>385</DialCode>
    <Language>Croatian</Language>
   </Country>
   <Country>
    <Name>Cuba</Name>
    <Capital>Havana</Capital>
    <Currency>Cuban Peso</Currency>
    <StartDate></StartDate>
    <EndDate></EndDate>
    <UTC>-05:00</UTC>
    <Region>North America</Region>
    <Latitude>23°08'N</Latitude>
    <Longitude>82°22'W</Longitude>
    <DialCode>53</DialCode>
    <Language>Spanish</Language>
   </Country>
   <Country>
    <Name>Cyprus</Name>
    <Capital>Nicosia</Capital>
    <Currency>Euro</Currency>
    <StartDate>03/25/2012</StartDate>
    <EndDate>10/28/2012</EndDate>
    <UTC>+02:00</UTC>
    <Region>Asia</Region>
    <Latitude>35°10'N</Latitude>
    <Longitude>33°25'E</Longitude>
    <DialCode>357</DialCode>
    <Language>Greek</Language>
   </Country>
   <Country>
    <Name>Czech Republic</Name>
    <Capital>Prague</Capital>
    <Currency>Czech Koruna</Currency>
    <StartDate>03/25/2012</StartDate>
    <EndDate>10/28/2012</EndDate>
    <UTC>+01:00</UTC>
    <Region>Europe</Region>
    <Latitude>50°05'N</Latitude>
    <Longitude>14°22'E</Longitude>
    <DialCode>420</DialCode>
    <Language>Czech</Language>
   </Country>
   <Country>
    <Name>Denmark</Name>
    <Capital>Copenhagen</Capital>
    <Currency>Danish Krone</Currency>
    <StartDate>03/25/2012</StartDate>
    <EndDate>10/28/2012</EndDate>
    <UTC></UTC>
    <Region>Europe</Region>
    <Latitude>55°41'N</Latitude>
    <Longitude>12°34'E</Longitude>
    <DialCode>45</DialCode>
    <Language>Danish</Language>
   </Country>
   <Country>
    <Name>Djibouti</Name>
    <Capital>Djibouti</Capital>
    <Currency>Djibouti Franc</Currency>
    <StartDate></StartDate>
    <EndDate></EndDate>
    <UTC>+03:00</UTC>
    <Region>Africa</Region>
    <Latitude>11°08'N</Latitude>
    <Longitude>42°20'E</Longitude>
    <DialCode>253</DialCode>
    <Language>French</Language>
   </Country>
   <Country>
    <Name>Dominica</Name>
    <Capital>Roseau</Capital>
    <Currency>East Caribbean dollar</Currency>
    <StartDate></StartDate>
    <EndDate></EndDate>
    <UTC>-04:00</UTC>
    <Region>North America</Region>
    <Latitude>15°20'N</Latitude>
    <Longitude>61°24'W</Longitude>
    <DialCode>1-767</DialCode>
    <Language>English</Language>
   </Country>
   <Country>
    <Name>Ecuador</Name>
    <Capital>Quito</Capital>
    <Currency>Dollar (USD)</Currency>
    <StartDate></StartDate>
    <EndDate></EndDate>
    <UTC></UTC>
    <Region>South America</Region>
    <Latitude>00°15'S</Latitude>
    <Longitude>78°35'W</Longitude>
    <DialCode>593</DialCode>
    <Language>Spanish</Language>
   </Country>
   <Country>
    <Name>Egypt</Name>
    <Capital>Cairo</Capital>
    <Currency>Egyptian Pound</Currency>
    <StartDate></StartDate>
    <EndDate></EndDate>
    <UTC>+02:00</UTC>
    <Region>Africa</Region>
    <Latitude>30°01'N</Latitude>
    <Longitude>31°14'E</Longitude>
    <DialCode>20</DialCode>
    <Language>Arabic</Language>
   </Country>
   <Country>
    <Name>El Salvador</Name>
    <Capital>San Salvador</Capital>
    <Currency>Dollar (USD)</Currency>
    <StartDate></StartDate>
    <EndDate></EndDate>
    <UTC>-06:00</UTC>
    <Region>North America</Region>
    <Latitude>13°40'N</Latitude>
    <Longitude>89°10'W</Longitude>
    <DialCode>503</DialCode>
    <Language>Castilian</Language>
   </Country>
   <Country>
    <Name>Equatorial Guinea</Name>
    <Capital>Malabo</Capital>
    <Currency>Central African franc </Currency>
    <StartDate></StartDate>
    <EndDate></EndDate>
    <UTC>+01:00</UTC>
    <Region>Africa</Region>
    <Latitude>03°45'N</Latitude>
    <Longitude>08°50'E</Longitude>
    <DialCode>240</DialCode>
    <Language>Spanish</Language>
   </Country>
   <Country>
    <Name>Eritrea</Name>
    <Capital>Asmara</Capital>
    <Currency>Nakfa</Currency>
    <StartDate></StartDate>
    <EndDate></EndDate>
    <UTC>+03:00</UTC>
    <Region>Africa</Region>
    <Latitude>15°19'N</Latitude>
    <Longitude>38°55'E</Longitude>
    <DialCode>291</DialCode>
    <Language>Tigrinya</Language>
   </Country>
   <Country>
    <Name>Estonia</Name>
    <Capital>Tallinn</Capital>
    <Currency>Euro</Currency>
    <StartDate>03/25/2012</StartDate>
    <EndDate>10/28/2012</EndDate>
    <UTC>+02:00</UTC>
    <Region>Europe</Region>
    <Latitude>59°22'N</Latitude>
    <Longitude>24°48'E</Longitude>
    <DialCode>372</DialCode>
    <Language>Estonian</Language>
   </Country>
   <Country>
    <Name>Fiji</Name>
    <Capital>Suva</Capital>
    <Currency>Fijian dollar</Currency>
    <StartDate>10/21/2012</StartDate>
    <EndDate>01/22/2012</EndDate>
    <UTC>+12:00</UTC>
    <Region>Oceania</Region>
    <Latitude>18°06'S</Latitude>
    <Longitude>178°30'E</Longitude>
    <DialCode>679</DialCode>
    <Language>English</Language>
   </Country>
   <Country>
    <Name>Finland</Name>
    <Capital>Helsinki</Capital>
    <Currency>Marakka</Currency>
    <StartDate>03/25/2012</StartDate>
    <EndDate>10/28/2012</EndDate>
    <UTC>+02:00</UTC>
    <Region>Europe</Region>
    <Latitude>60°15'N</Latitude>
    <Longitude>25°03'E</Longitude>
    <DialCode>358</DialCode>
    <Language>Finnish</Language>
   </Country>
   <Country>
    <Name>France</Name>
    <Capital>Paris</Capital>
    <Currency>Euro</Currency>
    <StartDate>03/25/2012</StartDate>
    <EndDate>10/28/2012</EndDate>
    <UTC>+01:00</UTC>
    <Region>Europe</Region>
    <Latitude>48°50'N</Latitude>
    <Longitude>02°20'E</Longitude>
    <DialCode>33</DialCode>
    <Language>French</Language>
   </Country>
   <Country>
    <Name>French Guyana</Name>
    <Capital>Cayenne</Capital>
    <Currency>Euro</Currency>
    <StartDate></StartDate>
    <EndDate></EndDate>
    <UTC></UTC>
    <Region>South America</Region>
    <Latitude>05°05'N</Latitude>
    <Longitude>52°18'W</Longitude>
    <DialCode>594</DialCode>
    <Language>French</Language>
   </Country>
   <Country>
    <Name>Gabon</Name>
    <Capital>Libereville</Capital>
    <Currency>Central African franc</Currency>
    <StartDate>03/25/2012</StartDate>
    <EndDate>10/28/2012</EndDate>
    <UTC>+01:00</UTC>
    <Region>Africa</Region>
    <Latitude>00°25'N</Latitude>
    <Longitude>09°26'E</Longitude>
    <DialCode>241</DialCode>
    <Language>French</Language>
   </Country>
   <Country>
    <Name>Georgia</Name>
    <Capital>Tbilisi</Capital>
    <Currency>Lari</Currency>
    <StartDate></StartDate>
    <EndDate></EndDate>
    <UTC>+04:00</UTC>
    <Region>Europe</Region>
    <Latitude>41°43'N</Latitude>
    <Longitude>44°50'E</Longitude>
    <DialCode>995</DialCode>
    <Language>Georgian</Language>
   </Country>
   <Country>
    <Name>Germany</Name>
    <Capital>Berlin</Capital>
    <Currency>Euro</Currency>
    <StartDate>03/25/2012</StartDate>
    <EndDate>10/28/2012</EndDate>
    <UTC>+01:00</UTC>
    <Region>Europe</Region>
    <Latitude>52°30'N</Latitude>
    <Longitude>13°25'E</Longitude>
    <DialCode>49</DialCode>
    <Language>German</Language>
   </Country>
   <Country>
    <Name>Ghana</Name>
    <Capital>Accra</Capital>
    <Currency>Cedi</Currency>
    <StartDate></StartDate>
    <EndDate></EndDate>
    <UTC></UTC>
    <Region>Africa</Region>
    <Latitude>05°35'N</Latitude>
    <Longitude>00°06'W</Longitude>
    <DialCode>233</DialCode>
    <Language>English</Language>
   </Country>
   <Country>
    <Name>Greece</Name>
    <Capital>Athens</Capital>
    <Currency>Euro</Currency>
    <StartDate>03/25/2012</StartDate>
    <EndDate>10/28/2012</EndDate>
    <UTC>+02:00</UTC>
    <Region>Europe</Region>
    <Latitude>37°58'N</Latitude>
    <Longitude>23°46'E</Longitude>
    <DialCode>30</DialCode>
    <Language>Greek</Language>
   </Country>
   <Country>
    <Name>Grenada</Name>
    <Capital>St. George</Capital>
    <Currency>East Caribbean Dollar</Currency>
    <StartDate></StartDate>
    <EndDate></EndDate>
    <UTC>-04:00</UTC>
    <Region>North America</Region>
    <Latitude>12° 3' N</Latitude>
    <Longitude>61° 45'W</Longitude>
    <DialCode>1-473</DialCode>
    <Language>English</Language>
   </Country>
   <Country>
    <Name>Guatemala</Name>
    <Capital>Guatemala City</Capital>
    <Currency>Quetzal</Currency>
    <StartDate></StartDate>
    <EndDate></EndDate>
    <UTC>-06:00</UTC>
    <Region>North America</Region>
    <Latitude>14°40'N</Latitude>
    <Longitude>90°22'W</Longitude>
    <DialCode>502</DialCode>
    <Language>Spanish</Language>
   </Country>
   <Country>
    <Name>Guinea</Name>
    <Capital>Conakry</Capital>
    <Currency>Guinean Franc</Currency>
    <StartDate></StartDate>
    <EndDate></EndDate>
    <UTC></UTC>
    <Region>Africa</Region>
    <Latitude>09°29'N</Latitude>
    <Longitude>13°49'W</Longitude>
    <DialCode>224</DialCode>
    <Language>French</Language>
   </Country>
   <Country>
    <Name>Guinea-Bissau</Name>
    <Capital>Bissau</Capital>
    <Currency>West African franc</Currency>
    <StartDate></StartDate>
    <EndDate></EndDate>
    <UTC></UTC>
    <Region>Africa</Region>
    <Latitude>11°45'N</Latitude>
    <Longitude>15°45'W</Longitude>
    <DialCode>245</DialCode>
    <Language>Portuguese</Language>
   </Country>
   <Country>
    <Name>Guyana</Name>
    <Capital>Georgetown</Capital>
    <Currency>Guyanese dollar</Currency>
    <StartDate></StartDate>
    <EndDate></EndDate>
    <UTC>-04:00</UTC>
    <Region>South America</Region>
    <Latitude>06°50'N</Latitude>
    <Longitude>58°12'W</Longitude>
    <DialCode>592</DialCode>
    <Language>English</Language>
   </Country>
   <Country>
    <Name>Haiti</Name>
    <Capital>Port-au-Prince</Capital>
    <Currency>Gourde</Currency>
    <StartDate>03/11/2012</StartDate>
    <EndDate>11/04/2012</EndDate>
    <UTC>-05:00</UTC>
    <Region>North America</Region>
    <Latitude>18°40'N</Latitude>
    <Longitude>72°20'W</Longitude>
    <DialCode>509</DialCode>
    <Language>French</Language>
   </Country>
   <Country>
    <Name>Honduras</Name>
    <Capital>Tegucigalpa</Capital>
    <Currency>Lempira</Currency>
    <StartDate></StartDate>
    <EndDate></EndDate>
    <UTC>-06:00</UTC>
    <Region>North America</Region>
    <Latitude>14°05'N</Latitude>
    <Longitude>87°14'W</Longitude>
    <DialCode>504</DialCode>
    <Language>Spanish</Language>
   </Country>
   <Country>
    <Name>Hungary</Name>
    <Capital>Budapest</Capital>
    <Currency>Forint</Currency>
    <StartDate>03/25/2012</StartDate>
    <EndDate>10/28/2012</EndDate>
    <UTC>+01:00</UTC>
    <Region>Europe</Region>
    <Latitude>47°29'N</Latitude>
    <Longitude>19°05'E</Longitude>
    <DialCode>36</DialCode>
    <Language>Hungarian</Language>
   </Country>
   <Country>
    <Name>Iceland</Name>
    <Capital>Reykavik</Capital>
    <Currency>Icelandic  Krona</Currency>
    <StartDate></StartDate>
    <EndDate></EndDate>
    <UTC></UTC>
    <Region>Europe</Region>
    <Latitude>64°10'N</Latitude>
    <Longitude>21°57'W</Longitude>
    <DialCode>354</DialCode>
    <Language>Icelandic </Language>
   </Country>
   <Country>
    <Name>India</Name>
    <Capital>New Delhi</Capital>
    <Currency>Indian Rupee</Currency>
    <StartDate></StartDate>
    <EndDate></EndDate>
    <UTC>+05:30</UTC>
    <Region>Asia</Region>
    <Latitude>28°37'N</Latitude>
    <Longitude>77°13'E</Longitude>
    <DialCode>91</DialCode>
    <Language>Hindi, English</Language>
   </Country>
   <Country>
    <Name>Indonesia</Name>
    <Capital>Jakarta</Capital>
    <Currency>Rupiah</Currency>
    <StartDate></StartDate>
    <EndDate></EndDate>
    <UTC></UTC>
    <Region>Asia</Region>
    <Latitude>06°09'S</Latitude>
    <Longitude>106°49'E</Longitude>
    <DialCode>62</DialCode>
    <Language>Indonesian</Language>
   </Country>
   <Country>
    <Name>Iran</Name>
    <Capital>Tehran</Capital>
    <Currency>Rial</Currency>
    <StartDate>03/21/2012</StartDate>
    <EndDate>09/21/2012</EndDate>
    <UTC>+03:30</UTC>
    <Region>Asia</Region>
    <Latitude>35°44'N</Latitude>
    <Longitude>51°30'E</Longitude>
    <DialCode>98</DialCode>
    <Language>Persian</Language>
   </Country>
   <Country>
    <Name>Iraq</Name>
    <Capital>Baghdad</Capital>
    <Currency>Iraqi Dinar</Currency>
    <StartDate></StartDate>
    <EndDate></EndDate>
    <UTC>+03:00</UTC>
    <Region>Asia</Region>
    <Latitude>33°20'N</Latitude>
    <Longitude>44°30'E</Longitude>
    <DialCode>964</DialCode>
    <Language>Arabic, Kurdish</Language>
   </Country>
   <Country>
    <Name>Ireland</Name>
    <Capital>Dublin</Capital>
    <Currency>Euro</Currency>
    <StartDate>03/25/2012</StartDate>
    <EndDate>10/28/2012</EndDate>
    <UTC>0</UTC>
    <Region>Europe</Region>
    <Latitude>53°21'N</Latitude>
    <Longitude>06°15'W</Longitude>
    <DialCode>353</DialCode>
    <Language>Irish</Language>
   </Country>
   <Country>
    <Name>Israel</Name>
    <Capital>Jerusalem</Capital>
    <Currency>Shekel</Currency>
    <StartDate>03/25/2012</StartDate>
    <EndDate>09/23/2012</EndDate>
    <UTC>+02:00</UTC>
    <Region>Asia</Region>
    <Latitude>31°47'N</Latitude>
    <Longitude>35°12'E</Longitude>
    <DialCode>972</DialCode>
    <Language>Hebrew, Arabic</Language>
   </Country>
   <Country>
    <Name>Italy</Name>
    <Capital>Rome</Capital>
    <Currency>Euro</Currency>
    <StartDate>03/25/2012</StartDate>
    <EndDate>10/28/2012</EndDate>
    <UTC>+01:00</UTC>
    <Region>Europe</Region>
    <Latitude>41°54'N</Latitude>
    <Longitude>12°29'E</Longitude>
    <DialCode>39</DialCode>
    <Language>Italian</Language>
   </Country>
   <Country>
    <Name>Ivory Coast</Name>
    <Capital>Yamoussoukro</Capital>
    <Currency>West African franc</Currency>
    <StartDate></StartDate>
    <EndDate></EndDate>
    <UTC></UTC>
    <Region>Africa</Region>
    <Latitude>06°49'N</Latitude>
    <Longitude>05°17'W</Longitude>
    <DialCode>225</DialCode>
    <Language>French</Language>
   </Country>
   <Country>
    <Name>Jamaica</Name>
    <Capital>Kingston</Capital>
    <Currency>Jamaican Dollar</Currency>
    <StartDate></StartDate>
    <EndDate></EndDate>
    <UTC>-05:00</UTC>
    <Region>North America</Region>
    <Latitude>18°00'N</Latitude>
    <Longitude>76°50'W</Longitude>
    <DialCode>1-876</DialCode>
    <Language>English</Language>
   </Country>
   <Country>
    <Name>Japan</Name>
    <Capital>Tokyo</Capital>
    <Currency>Yen</Currency>
    <StartDate></StartDate>
    <EndDate></EndDate>
    <UTC>+09:00</UTC>
    <Region>Asia</Region>
    <Latitude>35°41'N </Latitude>
    <Longitude>139°46'E</Longitude>
    <DialCode>81</DialCode>
    <Language>Japanese</Language>
   </Country>
   <Country>
    <Name>Jordan</Name>
    <Capital>Amman</Capital>
    <Currency>Jordanian dinar</Currency>
    <StartDate>03/30/2012</StartDate>
    <EndDate>10/26/2012</EndDate>
    <UTC>+02:00</UTC>
    <Region>Asia</Region>
    <Latitude>31°57'N</Latitude>
    <Longitude>35°52'E</Longitude>
    <DialCode>962</DialCode>
    <Language>Arabic</Language>
   </Country>
   <Country>
    <Name>Kazakhstan</Name>
    <Capital>Astana</Capital>
    <Currency>Tenge</Currency>
    <StartDate></StartDate>
    <EndDate></EndDate>
    <UTC></UTC>
    <Region>Asia</Region>
    <Latitude>51°10'N</Latitude>
    <Longitude>71°30'E</Longitude>
    <DialCode>7-6xx, +7-7xx</DialCode>
    <Language>Kazakh</Language>
   </Country>
   <Country>
    <Name>Kenya</Name>
    <Capital>Nairobi</Capital>
    <Currency>Kenya Shilling</Currency>
    <StartDate></StartDate>
    <EndDate></EndDate>
    <UTC>+03:00</UTC>
    <Region>Africa</Region>
    <Latitude>01°17'S</Latitude>
    <Longitude>36°48'E</Longitude>
    <DialCode>254</DialCode>
    <Language>Swahili</Language>
   </Country>
   <Country>
    <Name>Korea North</Name>
    <Capital>Pyongyang</Capital>
    <Currency>North Korean won </Currency>
    <StartDate></StartDate>
    <EndDate></EndDate>
    <UTC></UTC>
    <Region>Asia</Region>
    <Latitude>40°00'N </Latitude>
    <Longitude>127°00'E</Longitude>
    <DialCode>850</DialCode>
    <Language>Korean</Language>
   </Country>
   <Country>
    <Name>Korea  South</Name>
    <Capital>Seoul</Capital>
    <Currency>South Korean won </Currency>
    <StartDate></StartDate>
    <EndDate></EndDate>
    <UTC></UTC>
    <Region>Asia</Region>
    <Latitude>37°31'N</Latitude>
    <Longitude>126°58'E</Longitude>
    <DialCode>82</DialCode>
    <Language>Korean</Language>
   </Country>
   <Country>
    <Name>Kosovo</Name>
    <Capital>Pristina</Capital>
    <Currency>Euro</Currency>
    <StartDate></StartDate>
    <EndDate></EndDate>
    <UTC></UTC>
    <Region>Europe</Region>
    <Latitude>42°40'N</Latitude>
    <Longitude>21°10'E</Longitude>
    <DialCode>381</DialCode>
    <Language> Albanian</Language>
   </Country>
   <Country>
    <Name>Kuwait</Name>
    <Capital>Kuwait City</Capital>
    <Currency>Kuwait Dinar</Currency>
    <StartDate></StartDate>
    <EndDate></EndDate>
    <UTC>+03:00</UTC>
    <Region>Asia</Region>
    <Latitude>29°30'N</Latitude>
    <Longitude>48°00'E</Longitude>
    <DialCode>965</DialCode>
    <Language>Arabic</Language>
   </Country>
   <Country>
    <Name>Kyrgyzstan</Name>
    <Capital>Bishkek</Capital>
    <Currency>Som</Currency>
    <StartDate></StartDate>
    <EndDate></EndDate>
    <UTC>+06:00</UTC>
    <Region>Asia</Region>
    <Latitude>42°54'N</Latitude>
    <Longitude>74°46'E</Longitude>
    <DialCode>996</DialCode>
    <Language>Kyrgyz, Russian</Language>
   </Country>
   <Country>
    <Name>Laos</Name>
    <Capital>Vientiane</Capital>
    <Currency>Kip</Currency>
    <StartDate></StartDate>
    <EndDate></EndDate>
    <UTC>+07:00</UTC>
    <Region>Asia</Region>
    <Latitude>17°58'N</Latitude>
    <Longitude>102°36'E</Longitude>
    <DialCode>856</DialCode>
    <Language>Lao</Language>
   </Country>
   <Country>
    <Name>Latvia</Name>
    <Capital>Riga</Capital>
    <Currency>Lats</Currency>
    <StartDate>03/25/2012</StartDate>
    <EndDate>10/28/2012</EndDate>
    <UTC>+02:00</UTC>
    <Region>Europe</Region>
    <Latitude>56°53'N</Latitude>
    <Longitude>24°08'E</Longitude>
    <DialCode>371</DialCode>
    <Language>Latvian</Language>
   </Country>
   <Country>
    <Name>Lebanon</Name>
    <Capital>Beirut</Capital>
    <Currency>Lebnanesse Pound</Currency>
    <StartDate>03/25/2012</StartDate>
    <EndDate>10/28/2012</EndDate>
    <UTC>+02:00</UTC>
    <Region>Asia</Region>
    <Latitude>33°53'N</Latitude>
    <Longitude>35°31'E</Longitude>
    <DialCode>961</DialCode>
    <Language>Arabic</Language>
   </Country>
   <Country>
    <Name>Liechtenstein</Name>
    <Capital>Vaduz</Capital>
    <Currency>Swiss Franc</Currency>
    <StartDate>03/25/2012</StartDate>
    <EndDate>10/28/2012</EndDate>
    <UTC>+01:00</UTC>
    <Region>Europe</Region>
    <Latitude>47°08'N</Latitude>
    <Longitude>09°31'E</Longitude>
    <DialCode>423</DialCode>
    <Language>German</Language>
   </Country>
   <Country>
    <Name>Lesotho</Name>
    <Capital>Maseru</Capital>
    <Currency>Loti</Currency>
    <StartDate></StartDate>
    <EndDate></EndDate>
    <UTC>+02:00</UTC>
    <Region>Africa</Region>
    <Latitude>29°18'S</Latitude>
    <Longitude>27°30'E</Longitude>
    <DialCode>266</DialCode>
    <Language>English, Sesotho</Language>
   </Country>
   <Country>
    <Name>Liberia</Name>
    <Capital>Monorovia</Capital>
    <Currency>Liberian Dollar</Currency>
    <StartDate></StartDate>
    <EndDate></EndDate>
    <UTC></UTC>
    <Region>Africa</Region>
    <Latitude>06°18'N</Latitude>
    <Longitude>10°47'W</Longitude>
    <DialCode>231</DialCode>
    <Language>English</Language>
   </Country>
   <Country>
    <Name>Libya</Name>
    <Capital>Tripoli</Capital>
    <Currency>Libyan Dinar</Currency>
    <StartDate></StartDate>
    <EndDate></EndDate>
    <UTC>+02:00</UTC>
    <Region>Africa</Region>
    <Latitude>32°49'N</Latitude>
    <Longitude>13°07'E</Longitude>
    <DialCode>218</DialCode>
    <Language>Arabic</Language>
   </Country>
   <Country>
    <Name>Lithuania</Name>
    <Capital>Vilnius</Capital>
    <Currency>Litas</Currency>
    <StartDate>03/25/2012</StartDate>
    <EndDate>10/28/2012</EndDate>
    <UTC>+02:00</UTC>
    <Region>Europe</Region>
    <Latitude>54°38'N</Latitude>
    <Longitude>25°19'E</Longitude>
    <DialCode>370</DialCode>
    <Language>Lithuanian</Language>
   </Country>
   <Country>
    <Name>Luxembourg</Name>
    <Capital>Luxemburg</Capital>
    <Currency>Euro</Currency>
    <StartDate>03/25/2012</StartDate>
    <EndDate>10/28/2012</EndDate>
    <UTC>+01:00</UTC>
    <Region>Europe</Region>
    <Latitude>49°37'N</Latitude>
    <Longitude>06°09'E</Longitude>
    <DialCode>352</DialCode>
    <Language>Luxembourgish</Language>
   </Country>
   <Country>
    <Name>Macedonia</Name>
    <Capital>Skopje</Capital>
    <Currency>Denar</Currency>
    <StartDate>03/25/2012</StartDate>
    <EndDate>10/28/2012</EndDate>
    <UTC>+01:00</UTC>
    <Region>Europe</Region>
    <Latitude>42°01'N</Latitude>
    <Longitude>21°26'E</Longitude>
    <DialCode>389</DialCode>
    <Language>Macedonian</Language>
   </Country>
   <Country>
    <Name>Madagascar</Name>
    <Capital>Antananarivo</Capital>
    <Currency>Malagasy ariary</Currency>
    <StartDate></StartDate>
    <EndDate></EndDate>
    <UTC>+03:00</UTC>
    <Region>Africa</Region>
    <Latitude>18°55'S</Latitude>
    <Longitude>47°31'E</Longitude>
    <DialCode>261</DialCode>
    <Language>Malagasy, French</Language>
   </Country>
   <Country>
    <Name>Malawi</Name>
    <Capital>Lilongwe</Capital>
    <Currency>Kwacha</Currency>
    <StartDate></StartDate>
    <EndDate></EndDate>
    <UTC>+02:00</UTC>
    <Region>Africa</Region>
    <Latitude>14°00'S</Latitude>
    <Longitude>33°48'E</Longitude>
    <DialCode>265</DialCode>
    <Language>English</Language>
   </Country>
   <Country>
    <Name>Malaysia</Name>
    <Capital>Kuala Lumpur</Capital>
    <Currency>Malaysian Ringgit</Currency>
    <StartDate></StartDate>
    <EndDate></EndDate>
    <UTC>+08:00</UTC>
    <Region>Asia</Region>
    <Latitude>03°09'N</Latitude>
    <Longitude>101°41'E</Longitude>
    <DialCode>60</DialCode>
    <Language>Malaysian</Language>
   </Country>
   <Country>
    <Name>Maldives</Name>
    <Capital>Male</Capital>
    <Currency>Rufiyaa</Currency>
    <StartDate></StartDate>
    <EndDate></EndDate>
    <UTC>+05:00</UTC>
    <Region>Asia</Region>
    <Latitude>04°00'N</Latitude>
    <Longitude>73°28'E</Longitude>
    <DialCode>960</DialCode>
    <Language>Dhivehi</Language>
   </Country>
   <Country>
    <Name>Mali</Name>
    <Capital>Bamako</Capital>
    <Currency>West African franc</Currency>
    <StartDate></StartDate>
    <EndDate></EndDate>
    <UTC></UTC>
    <Region>Africa</Region>
    <Latitude>12°34'N</Latitude>
    <Longitude>07°55'W</Longitude>
    <DialCode>223</DialCode>
    <Language>French</Language>
   </Country>
   <Country>
    <Name>Malta</Name>
    <Capital>Valletta</Capital>
    <Currency>Euro</Currency>
    <StartDate>03/25/2012</StartDate>
    <EndDate>10/28/2012</EndDate>
    <UTC>+01:00</UTC>
    <Region>Europe</Region>
    <Latitude>35°54'N</Latitude>
    <Longitude>14°31'E</Longitude>
    <DialCode>356</DialCode>
    <Language>Maltese,English</Language>
   </Country>
   <Country>
    <Name>Mauritania</Name>
    <Capital>Nouakchott</Capital>
    <Currency>Ouguiya</Currency>
    <StartDate></StartDate>
    <EndDate></EndDate>
    <UTC></UTC>
    <Region>Africa</Region>
    <Latitude>18°09'N</Latitude>
    <Longitude>15°58'W</Longitude>
    <DialCode>222</DialCode>
    <Language>Arabic</Language>
   </Country>
   <Country>
    <Name>Mauritius</Name>
    <Capital>Port Louis</Capital>
    <Currency>Mauritius Rupee</Currency>
    <StartDate></StartDate>
    <EndDate></EndDate>
    <UTC>+04:00</UTC>
    <Region>Africa</Region>
    <Latitude>20°10'S</Latitude>
    <Longitude>57°31'E</Longitude>
    <DialCode>230</DialCode>
    <Language>English</Language>
   </Country>
   <Country>
    <Name>Mexico</Name>
    <Capital>Mexico City</Capital>
    <Currency>Peso</Currency>
    <StartDate>04/01/2012</StartDate>
    <EndDate>10/28/2012</EndDate>
    <UTC></UTC>
    <Region>North America</Region>
    <Latitude>19°20'N</Latitude>
    <Longitude>99°10'W</Longitude>
    <DialCode>52</DialCode>
    <Language>Spanish</Language>
   </Country>
   <Country>
    <Name>Moldova</Name>
    <Capital>Chisinau</Capital>
    <Currency>Leu</Currency>
    <StartDate></StartDate>
    <EndDate></EndDate>
    <UTC>+02:00</UTC>
    <Region>Europe</Region>
    <Latitude>47°02'N</Latitude>
    <Longitude>28°50'E</Longitude>
    <DialCode>373</DialCode>
    <Language>Moldovan, Gagauz, Russian, Ukrainian 
</Language>
   </Country>
   <Country>
    <Name>Monaco</Name>
    <Capital>Monaco</Capital>
    <Currency>Euro</Currency>
    <StartDate>03/25/2012</StartDate>
    <EndDate>10/28/2012</EndDate>
    <UTC>+01:00</UTC>
    <Region>Europe</Region>
    <Latitude>43°43'N</Latitude>
    <Longitude>7°25'E</Longitude>
    <DialCode>377</DialCode>
    <Language>French</Language>
   </Country>
   <Country>
    <Name>Mongolia</Name>
    <Capital>Ulan Bator</Capital>
    <Currency>Tugrik</Currency>
    <StartDate></StartDate>
    <EndDate></EndDate>
    <UTC>+08:00</UTC>
    <Region>Asia</Region>
    <Latitude>47°55'N</Latitude>
    <Longitude>106°53'E</Longitude>
    <DialCode>976</DialCode>
    <Language>Mongolian</Language>
   </Country>
   <Country>
    <Name>Montenegro</Name>
    <Capital>Podgorica</Capital>
    <Currency>Euro</Currency>
    <StartDate>03/25/2012</StartDate>
    <EndDate>10/28/2012</EndDate>
    <UTC>+01:00</UTC>
    <Region>Europe</Region>
    <Latitude>42°47'N</Latitude>
    <Longitude>19°28'E</Longitude>
    <DialCode>382</DialCode>
    <Language>Montenegrin</Language>
   </Country>
   <Country>
    <Name>Morocco</Name>
    <Capital>Rabat</Capital>
    <Currency>Dirham</Currency>
    <StartDate>04/29/2012</StartDate>
    <EndDate>09/30/2012</EndDate>
    <UTC>0</UTC>
    <Region>Africa</Region>
    <Latitude>34°02'N</Latitude>
    <Longitude>6°51'W</Longitude>
    <DialCode>212</DialCode>
    <Language>Arabic</Language>
   </Country>
   <Country>
    <Name>Mozambique</Name>
    <Capital>Maputo</Capital>
    <Currency>Metical</Currency>
    <StartDate></StartDate>
    <EndDate></EndDate>
    <UTC>+02:00</UTC>
    <Region>Africa</Region>
    <Latitude>25°58'S</Latitude>
    <Longitude>32°32'E</Longitude>
    <DialCode>258</DialCode>
    <Language>Portuguese</Language>
   </Country>
   <Country>
    <Name>Myanmar</Name>
    <Capital>Naypyidaw</Capital>
    <Currency>Kyat</Currency>
    <StartDate></StartDate>
    <EndDate></EndDate>
    <UTC>+06:30</UTC>
    <Region>Asia</Region>
    <Latitude>16°45'N</Latitude>
    <Longitude>96°20'E</Longitude>
    <DialCode>95</DialCode>
    <Language>Burmese</Language>
   </Country>
   <Country>
    <Name>Namibia</Name>
    <Capital>Windhoek</Capital>
    <Currency>Namibian dollar</Currency>
    <StartDate>09/02/2012</StartDate>
    <EndDate>04/01/2012</EndDate>
    <UTC>+01:00</UTC>
    <Region>Africa</Region>
    <Latitude>22°35'S</Latitude>
    <Longitude>17°04'E</Longitude>
    <DialCode>264</DialCode>
    <Language>English</Language>
   </Country>
   <Country>
    <Name>Nauru</Name>
    <Capital>Yaren</Capital>
    <Currency>Australian dollar </Currency>
    <StartDate></StartDate>
    <EndDate></EndDate>
    <UTC>+12:00</UTC>
    <Region>Oceania</Region>
    <Latitude>0°31'S</Latitude>
    <Longitude>166°56'E</Longitude>
    <DialCode>674</DialCode>
    <Language>English</Language>
   </Country>
   <Country>
    <Name>Nepal</Name>
    <Capital>Kathamandu</Capital>
    <Currency>Nepalese Rupee</Currency>
    <StartDate></StartDate>
    <EndDate></EndDate>
    <UTC>+05:45</UTC>
    <Region>Asia</Region>
    <Latitude>27°45'N</Latitude>
    <Longitude>85°20'E</Longitude>
    <DialCode>977</DialCode>
    <Language>Nepali</Language>
   </Country>
   <Country>
    <Name>Netherlands</Name>
    <Capital>Amsterdam</Capital>
    <Currency>Euro</Currency>
    <StartDate>03/25/2012</StartDate>
    <EndDate>10/28/2012</EndDate>
    <UTC>+01:00</UTC>
    <Region>Europe</Region>
    <Latitude>52°23'N</Latitude>
    <Longitude>04°54'E</Longitude>
    <DialCode>31, +5998</DialCode>
    <Language>Dutch</Language>
   </Country>
   <Country>
    <Name>New Zealand</Name>
    <Capital>Wellington</Capital>
    <Currency>New Zealand Dollar</Currency>
    <StartDate>09/30/2012</StartDate>
    <EndDate>04/01/2012</EndDate>
    <UTC>+12:00</UTC>
    <Region>Oceania</Region>
    <Latitude>41°19'S</Latitude>
    <Longitude>174°46'E</Longitude>
    <DialCode>64</DialCode>
    <Language>English</Language>
   </Country>
   <Country>
    <Name>Nicaragua</Name>
    <Capital>Managua</Capital>
    <Currency>C°rdoba</Currency>
    <StartDate></StartDate>
    <EndDate></EndDate>
    <UTC>-06:00</UTC>
    <Region>North America</Region>
    <Latitude>12°06'N</Latitude>
    <Longitude>86°20'W</Longitude>
    <DialCode>505</DialCode>
    <Language>Spanish, English</Language>
   </Country>
   <Country>
    <Name>Niger</Name>
    <Capital>Niamey</Capital>
    <Currency>West African franc </Currency>
    <StartDate></StartDate>
    <EndDate></EndDate>
    <UTC>+01:00</UTC>
    <Region>Africa</Region>
    <Latitude>13°27'N</Latitude>
    <Longitude>02°06'E</Longitude>
    <DialCode>227</DialCode>
    <Language>French</Language>
   </Country>
   <Country>
    <Name>Nigeria</Name>
    <Capital>Abuja</Capital>
    <Currency>Naira</Currency>
    <StartDate></StartDate>
    <EndDate></EndDate>
    <UTC>+01:00</UTC>
    <Region>Africa</Region>
    <Latitude>09°05'N</Latitude>
    <Longitude>07°32'E</Longitude>
    <DialCode>234</DialCode>
    <Language>English</Language>
   </Country>
   <Country>
    <Name>Norway</Name>
    <Capital>Oslo</Capital>
    <Currency>Norwegian Krone</Currency>
    <StartDate>03/25/2012</StartDate>
    <EndDate>10/28/2012</EndDate>
    <UTC>+01:00</UTC>
    <Region>Europe</Region>
    <Latitude>59°55'N</Latitude>
    <Longitude>10°45'E</Longitude>
    <DialCode>47</DialCode>
    <Language>Norwegian</Language>
   </Country>
   <Country>
    <Name>Oman</Name>
    <Capital>Muscat</Capital>
    <Currency>Omani Rial</Currency>
    <StartDate></StartDate>
    <EndDate></EndDate>
    <UTC>+04:00</UTC>
    <Region>Asia</Region>
    <Latitude>23°37'N</Latitude>
    <Longitude>58°36'E</Longitude>
    <DialCode>968</DialCode>
    <Language>Arabic</Language>
   </Country>
   <Country>
    <Name>Pakistan</Name>
    <Capital>Islamabad</Capital>
    <Currency>Pakistani Rupee</Currency>
    <StartDate></StartDate>
    <EndDate></EndDate>
    <UTC>+05:00</UTC>
    <Region>Asia</Region>
    <Latitude>33°40'N</Latitude>
    <Longitude>73°10'E</Longitude>
    <DialCode>92</DialCode>
    <Language>Urdu,English</Language>
   </Country>
   <Country>
    <Name>Panama</Name>
    <Capital>Panama City</Capital>
    <Currency>Balboa</Currency>
    <StartDate></StartDate>
    <EndDate></EndDate>
    <UTC>-05:00</UTC>
    <Region>North America</Region>
    <Latitude>09°00'N</Latitude>
    <Longitude>79°25'W</Longitude>
    <DialCode>507</DialCode>
    <Language>Spanish</Language>
   </Country>
   <Country>
    <Name>Papua New Guinea</Name>
    <Capital>Port Moresby</Capital>
    <Currency>Kina</Currency>
    <StartDate></StartDate>
    <EndDate></EndDate>
    <UTC>+10:00</UTC>
    <Region>Oceania</Region>
    <Latitude>09°24'S</Latitude>
    <Longitude>147°08'E</Longitude>
    <DialCode>675</DialCode>
    <Language>English,Tok Pisin,Hiri Motu</Language>
   </Country>
   <Country>
    <Name>Paraguay</Name>
    <Capital>Asuncion</Capital>
    <Currency>Guarani</Currency>
    <StartDate>10/07/2012</StartDate>
    <EndDate>04/08/2012</EndDate>
    <UTC>-04:00</UTC>
    <Region>South America</Region>
    <Latitude>25°10'S</Latitude>
    <Longitude>57°30'W</Longitude>
    <DialCode>595</DialCode>
    <Language>Spanish,Guaran°</Language>
   </Country>
   <Country>
    <Name>Peru</Name>
    <Capital>Lima</Capital>
    <Currency>Nuevo sol</Currency>
    <StartDate></StartDate>
    <EndDate></EndDate>
    <UTC>-05:00</UTC>
    <Region>South America</Region>
    <Latitude>12°00'S</Latitude>
    <Longitude>77°00'W</Longitude>
    <DialCode>51</DialCode>
    <Language>Spanish </Language>
   </Country>
   <Country>
    <Name>Philippines</Name>
    <Capital>Manila</Capital>
    <Currency>Peso</Currency>
    <StartDate></StartDate>
    <EndDate></EndDate>
    <UTC>+08:00</UTC>
    <Region>Asia</Region>
    <Latitude>14°40'N</Latitude>
    <Longitude>121°03'E</Longitude>
    <DialCode>63</DialCode>
    <Language>Filipino,English</Language>
   </Country>
   <Country>
    <Name>Poland</Name>
    <Capital>Warsaw</Capital>
    <Currency>Zloty</Currency>
    <StartDate>03/25/2012</StartDate>
    <EndDate>10/28/2012</EndDate>
    <UTC>+01:00</UTC>
    <Region>Europe</Region>
    <Latitude>52°13'N</Latitude>
    <Longitude>21°00'E</Longitude>
    <DialCode>48</DialCode>
    <Language>Polish</Language>
   </Country>
   <Country>
    <Name>Portugal</Name>
    <Capital>Lisbon</Capital>
    <Currency>Euro</Currency>
    <StartDate>03/25/2012</StartDate>
    <EndDate>10/28/2012</EndDate>
    <UTC>+00:00</UTC>
    <Region>Europe</Region>
    <Latitude>38°42'N</Latitude>
    <Longitude>09°10'W</Longitude>
    <DialCode>351</DialCode>
    <Language>Portuguese</Language>
   </Country>
   <Country>
    <Name>Qatar</Name>
    <Capital>Doha</Capital>
    <Currency>Qatari Riyal</Currency>
    <StartDate></StartDate>
    <EndDate></EndDate>
    <UTC>+03:00</UTC>
    <Region>Asia</Region>
    <Latitude>25°15'N</Latitude>
    <Longitude>51°35'E</Longitude>
    <DialCode>974</DialCode>
    <Language>Arabic</Language>
   </Country>
   <Country>
    <Name>Romania</Name>
    <Capital>Bucharest</Capital>
    <Currency>Lei</Currency>
    <StartDate></StartDate>
    <EndDate></EndDate>
    <UTC>+02:00</UTC>
    <Region>Europe</Region>
    <Latitude>44°27'N</Latitude>
    <Longitude>26°10'E</Longitude>
    <DialCode>40</DialCode>
    <Language>Romanian</Language>
   </Country>
   <Country>
    <Name>Russia</Name>
    <Capital>Moscow</Capital>
    <Currency>Ruble</Currency>
    <StartDate></StartDate>
    <EndDate></EndDate>
    <UTC>+04:00</UTC>
    <Region>Europe</Region>
    <Latitude>55°45'N</Latitude>
    <Longitude>37°37'E</Longitude>
    <DialCode>7</DialCode>
    <Language>Russian</Language>
   </Country>
   <Country>
    <Name>Rwanda</Name>
    <Capital>Kigali</Capital>
    <Currency>Rwandan franc </Currency>
    <StartDate></StartDate>
    <EndDate></EndDate>
    <UTC>+02:00</UTC>
    <Region>Africa</Region>
    <Latitude>01°59'S</Latitude>
    <Longitude>30°04'E</Longitude>
    <DialCode>250</DialCode>
    <Language>Kinyarwanda,French,English</Language>
   </Country>
   <Country>
    <Name>San Marino</Name>
    <Capital>San Marino</Capital>
    <Currency>Euro</Currency>
    <StartDate>03/25/2012</StartDate>
    <EndDate>10/28/2012</EndDate>
    <UTC>+01:00</UTC>
    <Region>Europe</Region>
    <Latitude>43°55'N</Latitude>
    <Longitude>12°30'E</Longitude>
    <DialCode>378</DialCode>
    <Language>Italian</Language>
   </Country>
   <Country>
    <Name>Saudi Arabia</Name>
    <Capital>Riyadh</Capital>
    <Currency>Riyal </Currency>
    <StartDate></StartDate>
    <EndDate></EndDate>
    <UTC>+03:00</UTC>
    <Region>Asia</Region>
    <Latitude>24°41'N</Latitude>
    <Longitude>46°42'E</Longitude>
    <DialCode>966</DialCode>
    <Language>Arabic</Language>
   </Country>
   <Country>
    <Name>Senegal</Name>
    <Capital>Dakar</Capital>
    <Currency>Franc</Currency>
    <StartDate></StartDate>
    <EndDate></EndDate>
    <UTC>+00:00</UTC>
    <Region>Africa</Region>
    <Latitude>14°34'N</Latitude>
    <Longitude>17°29'W</Longitude>
    <DialCode>221</DialCode>
    <Language>French</Language>
   </Country>
   <Country>
    <Name>Seychelles</Name>
    <Capital>Victoria</Capital>
    <Currency>Rupee</Currency>
    <StartDate>03/25/2012</StartDate>
    <EndDate>10/28/2012</EndDate>
    <UTC>+04:00</UTC>
    <Region>Africa</Region>
    <Latitude>08°30'N</Latitude>
    <Longitude>13°17'W</Longitude>
    <DialCode>248</DialCode>
    <Language>French, English</Language>
   </Country>
   <Country>
    <Name>Sierra Leone</Name>
    <Capital>Freetown</Capital>
    <Currency>Leone</Currency>
    <StartDate></StartDate>
    <EndDate></EndDate>
    <UTC>+00:00</UTC>
    <Region>Africa</Region>
    <Latitude>8°29'N</Latitude>
    <Longitude>13°14'W</Longitude>
    <DialCode>232</DialCode>
    <Language>English</Language>
   </Country>
   <Country>
    <Name>Singapore</Name>
    <Capital>Singapore</Capital>
    <Currency>Singapore Dollar</Currency>
    <StartDate></StartDate>
    <EndDate></EndDate>
    <UTC>+08:00</UTC>
    <Region>Asia</Region>
    <Latitude>1°17'N </Latitude>
    <Longitude>103°50'E</Longitude>
    <DialCode>65</DialCode>
    <Language>English,Malay,Chinese</Language>
   </Country>
   <Country>
    <Name>Slovakia</Name>
    <Capital>Bratislava</Capital>
    <Currency>Euro</Currency>
    <StartDate>03/25/2012</StartDate>
    <EndDate>10/28/2012</EndDate>
    <UTC>+01:00</UTC>
    <Region>Europe</Region>
    <Latitude>48°10'N</Latitude>
    <Longitude>17°07'E</Longitude>
    <DialCode>421</DialCode>
    <Language>Slovak </Language>
   </Country>
   <Country>
    <Name>Slovenia</Name>
    <Capital>Ljubljana</Capital>
    <Currency>Euro</Currency>
    <StartDate>03/25/2012</StartDate>
    <EndDate>10/28/2012</EndDate>
    <UTC>+01:00</UTC>
    <Region>Europe</Region>
    <Latitude>46°04'N</Latitude>
    <Longitude>14°33'E</Longitude>
    <DialCode>386</DialCode>
    <Language>Slovene</Language>
   </Country>
   <Country>
    <Name>Solomon Islands</Name>
    <Capital>Honiara</Capital>
    <Currency>Dollar</Currency>
    <StartDate></StartDate>
    <EndDate></EndDate>
    <UTC>+11:00</UTC>
    <Region>Oceania</Region>
    <Latitude>09°27'S</Latitude>
    <Longitude>159°57'E</Longitude>
    <DialCode>677</DialCode>
    <Language>English</Language>
   </Country>
   <Country>
    <Name>Somalia</Name>
    <Capital>Mogadishu</Capital>
    <Currency>Shilling</Currency>
    <StartDate></StartDate>
    <EndDate></EndDate>
    <UTC>+03:00</UTC>
    <Region>Africa</Region>
    <Latitude>02°02'N</Latitude>
    <Longitude>45°25'E</Longitude>
    <DialCode>252</DialCode>
    <Language>Somali,Arabic</Language>
   </Country>
   <Country>
    <Name>South Africa</Name>
    <Capital>Cape Town</Capital>
    <Currency>South African Rand</Currency>
    <StartDate></StartDate>
    <EndDate></EndDate>
    <UTC>+02:00</UTC>
    <Region>Africa</Region>
    <Latitude>25°44'S</Latitude>
    <Longitude>28°12'E</Longitude>
    <DialCode>27</DialCode>
    <Language> Afrikaans, English</Language>
   </Country>
   <Country>
    <Name>Spain</Name>
    <Capital>Madrid</Capital>
    <Currency>Euro</Currency>
    <StartDate>03/25/2012</StartDate>
    <EndDate>10/28/2012</EndDate>
    <UTC>+01:00</UTC>
    <Region>Europe</Region>
    <Latitude>40°25'N</Latitude>
    <Longitude>03°45'W</Longitude>
    <DialCode>34</DialCode>
    <Language>Spanish</Language>
   </Country>
   <Country>
    <Name>Sri Lanka</Name>
    <Capital>Colombo</Capital>
    <Currency>Sri Lanka Rupee</Currency>
    <StartDate></StartDate>
    <EndDate></EndDate>
    <UTC>+05:30</UTC>
    <Region>Asia</Region>
    <Latitude>6°54'N </Latitude>
    <Longitude>79°54'E</Longitude>
    <DialCode>94</DialCode>
    <Language>Sinhala, Tamil</Language>
   </Country>
   <Country>
    <Name>St Kitts and Nevis</Name>
    <Capital>Basseterre</Capital>
    <Currency>East Caribbean Dollar</Currency>
    <StartDate></StartDate>
    <EndDate></EndDate>
    <UTC>-04:00</UTC>
    <Region>North America</Region>
    <Latitude>17°18'N </Latitude>
    <Longitude>62°44'W</Longitude>
    <DialCode>1-869</DialCode>
    <Language>English</Language>
   </Country>
   <Country>
    <Name>Sudan</Name>
    <Capital>Khartoum</Capital>
    <Currency>Sudanese  Pound</Currency>
    <StartDate></StartDate>
    <EndDate></EndDate>
    <UTC>+03:00</UTC>
    <Region>Africa</Region>
    <Latitude>15°31'N</Latitude>
    <Longitude>32°35'E</Longitude>
    <DialCode>249</DialCode>
    <Language>Arabic,English</Language>
   </Country>
   <Country>
    <Name>Suriname</Name>
    <Capital>Paramaribo</Capital>
    <Currency>Surinamese dollar</Currency>
    <StartDate></StartDate>
    <EndDate></EndDate>
    <UTC>-03:00</UTC>
    <Region>South America</Region>
    <Latitude>05°50'N</Latitude>
    <Longitude>55°10'W</Longitude>
    <DialCode>597</DialCode>
    <Language>Dutch</Language>
   </Country>
   <Country>
    <Name>Swaziland</Name>
    <Capital>Mbabane</Capital>
    <Currency>Lilangeni</Currency>
    <StartDate></StartDate>
    <EndDate></EndDate>
    <UTC>+02:00</UTC>
    <Region>Africa</Region>
    <Latitude>26°18'S</Latitude>
    <Longitude>31°06'E</Longitude>
    <DialCode>268</DialCode>
    <Language>English,Swati</Language>
   </Country>
   <Country>
    <Name>Sweden</Name>
    <Capital>Stockholm</Capital>
    <Currency>Krona</Currency>
    <StartDate>03/25/2012</StartDate>
    <EndDate>10/28/2012</EndDate>
    <UTC>+01:00</UTC>
    <Region>Europe</Region>
    <Latitude>59°20'N</Latitude>
    <Longitude>18°03'E</Longitude>
    <DialCode>46</DialCode>
    <Language>Swedish</Language>
   </Country>
   <Country>
    <Name>Switzerland</Name>
    <Capital>Berne</Capital>
    <Currency>Swiss Franc</Currency>
    <StartDate>03/25/2012</StartDate>
    <EndDate>10/28/2012</EndDate>
    <UTC>+01:00</UTC>
    <Region>Europe</Region>
    <Latitude>46°57'N</Latitude>
    <Longitude>07°28'E</Longitude>
    <DialCode>41</DialCode>
    <Language>German, French, Italian</Language>
   </Country>
   <Country>
    <Name>Syria</Name>
    <Capital>Damascus</Capital>
    <Currency>Syrian lira</Currency>
    <StartDate>03/25/2012</StartDate>
    <EndDate>10/26/2012</EndDate>
    <UTC>+02:00</UTC>
    <Region>Asia</Region>
    <Latitude>33°30'N</Latitude>
    <Longitude>36°18'E</Longitude>
    <DialCode>963</DialCode>
    <Language>Arabic</Language>
   </Country>
   <Country>
    <Name>Taiwan</Name>
    <Capital>Taipei</Capital>
    <Currency>New Taiwan Dollar</Currency>
    <StartDate></StartDate>
    <EndDate></EndDate>
    <UTC>+08:00</UTC>
    <Region>Asia</Region>
    <Latitude>38°33'N </Latitude>
    <Longitude>68°48'E</Longitude>
    <DialCode>886</DialCode>
    <Language>Mandarin, Taiwanese</Language>
   </Country>
   <Country>
    <Name>Tajikistan</Name>
    <Capital>Dushambe</Capital>
    <Currency>Somoni</Currency>
    <StartDate></StartDate>
    <EndDate></EndDate>
    <UTC>+05:00</UTC>
    <Region>Asia</Region>
    <Latitude>38°33'N</Latitude>
    <Longitude>68°48'E</Longitude>
    <DialCode>992</DialCode>
    <Language>Tajik (Persian)</Language>
   </Country>
   <Country>
    <Name>Tanzania</Name>
    <Capital>Dodoma</Capital>
    <Currency>Tanzanian shilling </Currency>
    <StartDate></StartDate>
    <EndDate></EndDate>
    <UTC>+03:00</UTC>
    <Region>Africa</Region>
    <Latitude>06°08'S</Latitude>
    <Longitude>35°45'E</Longitude>
    <DialCode>255</DialCode>
    <Language>Swahili, English</Language>
   </Country>
   <Country>
    <Name>Thailand</Name>
    <Capital>Bangkok</Capital>
    <Currency>Baht</Currency>
    <StartDate></StartDate>
    <EndDate></EndDate>
    <UTC>+07:00</UTC>
    <Region>Asia</Region>
    <Latitude>13°45'N</Latitude>
    <Longitude>100°35'E</Longitude>
    <DialCode>66</DialCode>
    <Language>Thai</Language>
   </Country>
   <Country>
    <Name>The Gambia</Name>
    <Capital>Banjul</Capital>
    <Currency>Dalasi</Currency>
    <StartDate></StartDate>
    <EndDate></EndDate>
    <UTC>+00:00</UTC>
    <Region>Africa</Region>
    <Latitude>6°7'N </Latitude>
    <Longitude>1°13'E</Longitude>
    <DialCode>220</DialCode>
    <Language>English</Language>
   </Country>
   <Country>
    <Name>Togo</Name>
    <Capital>Lome</Capital>
    <Currency>Franc</Currency>
    <StartDate></StartDate>
    <EndDate></EndDate>
    <UTC>+00:00</UTC>
    <Region>Africa</Region>
    <Latitude>06°09'N</Latitude>
    <Longitude>01°20'E</Longitude>
    <DialCode>228</DialCode>
    <Language>French, German</Language>
   </Country>
   <Country>
    <Name>Tonga</Name>
    <Capital>Nukualofa</Capital>
    <Currency>Panga</Currency>
    <StartDate></StartDate>
    <EndDate></EndDate>
    <UTC>+13:00</UTC>
    <Region>Oceania</Region>
    <Latitude>21°10'S</Latitude>
    <Longitude>174°00'W</Longitude>
    <DialCode>676</DialCode>
    <Language>English, Tongan</Language>
   </Country>
   <Country>
    <Name>Trinidad and Tobago</Name>
    <Capital>Port-of-Spain</Capital>
    <Currency>Trinidad and Tobago  Dollar</Currency>
    <StartDate></StartDate>
    <EndDate></EndDate>
    <UTC>-04:00</UTC>
    <Region>North America</Region>
    <Latitude>36°50'N </Latitude>
    <Longitude>10°9'E</Longitude>
    <DialCode>1-868</DialCode>
    <Language>English</Language>
   </Country>
   <Country>
    <Name>Tunisia</Name>
    <Capital>Tunis</Capital>
    <Currency>Dinar</Currency>
    <StartDate>03/25/2012</StartDate>
    <EndDate>10/28/2012</EndDate>
    <UTC>+01:00</UTC>
    <Region>Africa</Region>
    <Latitude>36°50'N</Latitude>
    <Longitude>10°11'E</Longitude>
    <DialCode>216</DialCode>
    <Language>Arabic</Language>
   </Country>
   <Country>
    <Name>Turkmenistan</Name>
    <Capital>Ashgabat</Capital>
    <Currency>Manat </Currency>
    <StartDate></StartDate>
    <EndDate></EndDate>
    <UTC>+05:00</UTC>
    <Region>Asia</Region>
    <Latitude>38°00'N</Latitude>
    <Longitude>57°50'E</Longitude>
    <DialCode>993</DialCode>
    <Language>Turkmen</Language>
   </Country>
   <Country>
    <Name>Turkey</Name>
    <Capital>Ankara</Capital>
    <Currency>Turkish Lira</Currency>
    <StartDate></StartDate>
    <EndDate></EndDate>
    <UTC>+02:00</UTC>
    <Region>Asia</Region>
    <Latitude>39°57'N</Latitude>
    <Longitude>32°54'E</Longitude>
    <DialCode>90</DialCode>
    <Language>Turkish</Language>
   </Country>
   <Country>
    <Name>Uganda</Name>
    <Capital>Kampala</Capital>
    <Currency>Shilling</Currency>
    <StartDate>03/25/2012</StartDate>
    <EndDate>10/28/2012</EndDate>
    <UTC>+03:00</UTC>
    <Region>Africa</Region>
    <Latitude>00°20'N</Latitude>
    <Longitude>32°30'E</Longitude>
    <DialCode>256</DialCode>
    <Language>English,Swahili</Language>
   </Country>
   <Country>
    <Name>Ukraine</Name>
    <Capital>Kiev</Capital>
    <Currency>Hryvnia</Currency>
    <StartDate>03/25/2012</StartDate>
    <EndDate>10/28/2012</EndDate>
    <UTC>+02:00</UTC>
    <Region>Europe</Region>
    <Latitude>50°30'N</Latitude>
    <Longitude>30°28'E</Longitude>
    <DialCode>380</DialCode>
    <Language>Ukrainian</Language>
   </Country>
   <Country>
    <Name>United Arab Emirates</Name>
    <Capital>Abu Dhabi</Capital>
    <Currency>Dirham</Currency>
    <StartDate></StartDate>
    <EndDate></EndDate>
    <UTC>+04:00</UTC>
    <Region>Asia</Region>
    <Latitude>24°28'N</Latitude>
    <Longitude>54°22'E</Longitude>
    <DialCode>971</DialCode>
    <Language>Arabic</Language>
   </Country>
   <Country>
    <Name>United Kingdom</Name>
    <Capital>London</Capital>
    <Currency>Pound Sterling</Currency>
    <StartDate>03/25/2012</StartDate>
    <EndDate>10/28/2012</EndDate>
    <UTC>+00:00</UTC>
    <Region>Europe</Region>
    <Latitude>51°36'N</Latitude>
    <Longitude>00°05'W</Longitude>
    <DialCode>44</DialCode>
    <Language>English</Language>
   </Country>
   <Country>
    <Name>United States of America</Name>
    <Capital>Washington D.C.</Capital>
    <Currency>Dollar</Currency>
    <StartDate>03/11/2012</StartDate>
    <EndDate>11/04/2012</EndDate>
    <UTC>-08:00</UTC>
    <Region>North America</Region>
    <Latitude>38°53'N</Latitude>
    <Longitude>77°02'W</Longitude>
    <DialCode>1</DialCode>
    <Language>English</Language>
   </Country>
   <Country>
    <Name>Uruguay</Name>
    <Capital>Montevideo</Capital>
    <Currency>Peso</Currency>
    <StartDate></StartDate>
    <EndDate></EndDate>
    <UTC>-03:00</UTC>
    <Region>South America</Region>
    <Latitude>34°50'S</Latitude>
    <Longitude>56°11'W</Longitude>
    <DialCode>598</DialCode>
    <Language>Spanish</Language>
   </Country>
   <Country>
    <Name>Uzbekistan</Name>
    <Capital>Tashkent</Capital>
    <Currency>Som </Currency>
    <StartDate></StartDate>
    <EndDate></EndDate>
    <UTC>+05:00</UTC>
    <Region>Asia</Region>
    <Latitude>41°20'N</Latitude>
    <Longitude>69°10'E</Longitude>
    <DialCode>998</DialCode>
    <Language>Uzbek</Language>
   </Country>
   <Country>
    <Name>Vatican</Name>
    <Capital>Vatican City</Capital>
    <Currency>Euro</Currency>
    <StartDate>03/25/2012</StartDate>
    <EndDate>10/28/2012</EndDate>
    <UTC>+01:00</UTC>
    <Region>Europe</Region>
    <Latitude>41°54'N</Latitude>
    <Longitude>12°27'E</Longitude>
    <DialCode>379</DialCode>
    <Language>Italian</Language>
   </Country>
   <Country>
    <Name>Venezuela</Name>
    <Capital>Caracas</Capital>
    <Currency>Bolivar</Currency>
    <StartDate></StartDate>
    <EndDate></EndDate>
    <UTC>-4:30</UTC>
    <Region>South America</Region>
    <Latitude>10°30'N</Latitude>
    <Longitude>66°55'W</Longitude>
    <DialCode>58</DialCode>
    <Language>Spanish</Language>
   </Country>
   <Country>
    <Name>Vietnam</Name>
    <Capital>Hanoi</Capital>
    <Currency>Dong</Currency>
    <StartDate></StartDate>
    <EndDate></EndDate>
    <UTC>+07:00</UTC>
    <Region>Asia</Region>
    <Latitude>21°05'N</Latitude>
    <Longitude>105°55'E</Longitude>
    <DialCode>84</DialCode>
    <Language>Vietnamese</Language>
   </Country>
   <Country>
    <Name>Yemen</Name>
    <Capital>Sana</Capital>
    <Currency>Rial</Currency>
    <StartDate></StartDate>
    <EndDate></EndDate>
    <UTC>+03:00</UTC>
    <Region>Asia</Region>
    <Latitude>15°00'N</Latitude>
    <Longitude> 48°00'E</Longitude>
    <DialCode>967</DialCode>
    <Language>Arabic</Language>
   </Country>
   <Country>
    <Name>Yugoslavia</Name>
    <Capital>Belgrade</Capital>
    <Currency>New Dinar</Currency>
    <StartDate></StartDate>
    <EndDate></EndDate>
    <UTC>+01:00</UTC>
    <Region>Europe</Region>
    <Latitude>44°50'N</Latitude>
    <Longitude>20°37'E</Longitude>
    <DialCode>381</DialCode>
    <Language>Serbian</Language>
   </Country>
   <Country>
    <Name>Zambia</Name>
    <Capital>Lusaka</Capital>
    <Currency>Kwatcha</Currency>
    <StartDate></StartDate>
    <EndDate></EndDate>
    <UTC>+02:00</UTC>
    <Region>Africa</Region>
    <Latitude>15°28'S</Latitude>
    <Longitude>28°16'E</Longitude>
    <DialCode>260</DialCode>
    <Language>English</Language>
   </Country>
   <Country>
    <Name>Zimbabwe</Name>
    <Capital>Harare</Capital>
    <Currency>Euro</Currency>
    <StartDate></StartDate>
    <EndDate></EndDate>
    <UTC>+02:00</UTC>
    <Region>Africa</Region>
    <Latitude>17°43'S</Latitude>
    <Longitude>31°02'E</Longitude>
    <DialCode>263</DialCode>
    <Language>English,Shona,Sindebele</Language>
   </Country>
 </Countries>
